input_inj_rate, min_latency_str, avg_latency_str, max_latency_str, min_inj_str, avg_inj_str, max_inj_str, num_0_hops, num_1_hops, num_2_hops, num_3_hops, num_4_hops, num_5_hops, 
0.1, 8, 27.4732, 101, 0.0146667, 0.0250074, 0.0356667, 0, 1063, 8418, 938, 8804, 23961, 
0.2, 8, 82.6568, 7740, 0.028, 0.0497623, 0.0672, 0, 3517, 32377, 4216, 34118, 80719, 
0.30000000000000004, 8, 182.962, 17818, 0.0246, 0.0744237, 0.0886, 0, 5281, 56232, 14992, 110091, 117658, 
0.31000000000000005, 8, 191.293, 18902, 0.024, 0.0768917, 0.0924, 0, 5530, 58146, 17293, 123741, 121499, 
0.32000000000000006, 8, 204.013, 21049, 0.0238, 0.0793662, 0.0964, 0, 5546, 60635, 19844, 140858, 124978, 
0.33000000000000007, 8, 216.16, 21135, 0.0234, 0.0818498, 0.0982, 0, 5593, 63260, 22567, 160607, 128382, 
0.3400000000000001, 8, 228.263, 22626, 0.0228, 0.0843038, 0.1002, 0, 6039, 65290, 25713, 180032, 131083, 
0.35000000000000003, -, -, -, -, -, -, -, -, -, -, -, -, 
