input_inj_rate, min_latency_str, avg_latency_str, max_latency_str, min_inj_str, avg_inj_str, max_inj_str, num_0_hops, num_1_hops, num_2_hops, num_3_hops, num_4_hops, num_5_hops, 
0.1, 8, 14.8048, 36, 0.0143333, 0.0250394, 0.0386667, 0, 1262, 38272, 1154010, 0, 0, 
0.2, 8, 15.9302, 44, 0.0356667, 0.0500303, 0.067, 0, 2297, 76885, 2305709, 0, 0, 
0.30000000000000004, 8, 17.3805, 52, 0.0586667, 0.0750622, 0.0936667, 0, 3631, 115491, 3459314, 56, 2, 
0.4, 8, 19.2674, 62, 0.0743333, 0.10009, 0.123, 0, 4802, 153731, 4612918, 713, 18, 
0.5, 8, 21.8421, 77, 0.102, 0.12507, 0.149, 0, 6017, 192646, 5759354, 6025, 194, 
0.6, 8, 25.5627, 103, 0.122333, 0.150085, 0.176, 0, 7129, 229514, 6886577, 34462, 1116, 
0.7000000000000001, 8, 31.256, 127, 0.150667, 0.175026, 0.203, 0, 8291, 264145, 7929423, 145466, 4686, 
0.8, 8, 41.7526, 193, 0.171667, 0.200017, 0.228333, 0, 8664, 288210, 8682666, 555016, 17903, 
0.71, 8, 32.0256, 128, 0.152333, 0.177535, 0.205667, 0, 8222, 267692, 8023875, 167100, 5407, 
0.72, 8, 32.8251, 143, 0.153667, 0.180031, 0.206, 0, 8433, 270195, 8116134, 191165, 6124, 
0.73, 8, 33.672, 142, 0.153333, 0.18254, 0.214333, 0, 8323, 273431, 8204014, 219386, 6897, 
0.74, 8, 34.5857, 156, 0.157667, 0.185037, 0.210333, 0, 8546, 276097, 8289280, 250164, 8016, 
0.75, 8, 35.5407, 150, 0.158667, 0.187537, 0.216667, 0, 8415, 278987, 8370926, 284598, 9149, 
0.76, 8, 36.6063, 157, 0.160667, 0.190039, 0.218667, 0, 8596, 282164, 8447555, 323465, 10579, 
0.77, 8, 37.7351, 162, 0.165333, 0.19254, 0.219, 0, 8752, 283547, 8516502, 371682, 11980, 
0.78, 8, 38.9629, 170, 0.166, 0.195033, 0.224667, 0, 8760, 285313, 8581551, 423469, 13451, 
0.7899999999999999, 8, 40.2786, 190, 0.170667, 0.197522, 0.226, 0, 8552, 288347, 8635725, 484070, 15552, 
0.7999999999999999, 8, 41.7607, 198, 0.171667, 0.200017, 0.228333, 0, 8669, 288352, 8682708, 554937, 17793, 
0.8099999999999999, 8, 43.4054, 204, 0.174667, 0.202531, 0.230667, 0, 8617, 289864, 8714610, 639987, 20832, 
0.82, 8, 45.2053, 217, 0.175333, 0.205036, 0.232333, 0, 8533, 290052, 8731955, 740282, 24146, 
0.83, 8, 47.36, 263, 0.177, 0.207539, 0.236667, 0, 8586, 289939, 8721952, 867743, 28034, 
0.84, 8, 49.84, 282, 0.182, 0.210049, 0.237333, 0, 8385, 288928, 8683518, 1024274, 32930, 
0.85, 8, 53.0817, 324, 0.182, 0.212555, 0.24, 0, 8261, 284640, 8553098, 1272581, 40978, 
0.86, 8, 395.521, 2870, 0.1576, 0.192623, 0.2202, 0, 16048, 180699, 5412728, 11142990, 359707, 
0.87, -, -, -, -, -, -, -, -, -, -, -, -, 
