input_inj_rate, min_latency_str, avg_latency_str, max_latency_str, min_inj_str, avg_inj_str, max_inj_str, num_0_hops, num_1_hops, num_2_hops, num_3_hops, num_4_hops, num_5_hops, 
0.01, 8, 16.7199, 29, 0, 0.00249646, 0.007, 0, 143, 895, 8932, 62692, 0, 
0.02, 8, 16.9621, 39, 0.000666667, 0.00499083, 0.01, 0, 190, 1795, 18013, 125265, 0, 
0.03, 8, 17.2655, 56, 0.00233333, 0.00749248, 0.0143333, 0, 316, 2617, 26780, 188368, 0, 
0.04, 8, 17.7192, 93, 0.00466667, 0.00998224, 0.0183333, 0, 413, 3599, 35630, 250911, 0, 
0.05, 8, 19.9235, 2504, 0.00533333, 0.0124881, 0.021, 0, 541, 4420, 44040, 314495, 0, 
0.060000000000000005, 8, 26.442, 5730, 0.00775, 0.0149947, 0.023, 0, 825, 7064, 71430, 502678, 0, 
0.06999999999999999, 8, 44.8745, 7885, 0.01, 0.0174949, 0.02575, 0, 967, 8481, 83391, 586558, 0, 
0.08, -, -, -, -, -, -, -, -, -, -, -, -, 
