input_inj_rate, min_latency_str, avg_latency_str, max_latency_str, min_inj_str, avg_inj_str, max_inj_str, num_0_hops, num_1_hops, num_2_hops, num_3_hops, num_4_hops, num_5_hops, 
0.0, 11, 14.3574, 31, 0, 0.00250504, 0.00666667, 0, 0, 3274, 116127, 0, 0, 
0.01, 11, 14.3574, 31, 0, 0.00250504, 0.00666667, 0, 0, 3274, 116127, 0, 0, 
0.02, 11, 15.0189, 49, 0.000666667, 0.00499836, 0.0106667, 0, 0, 6791, 231454, 0, 0, 
0.03, 11, 17.1166, 359, 0.00233333, 0.00751699, 0.0146667, 0, 0, 10137, 348157, 0, 0, 
0.04, 11, 84.016, 10635, 0.005, 0.00998634, 0.0156, 0, 0, 22456, 771532, 0, 0, 
0.05, -, -, -, -, -, -, -, -, -, -, -, -, 
