input_inj_rate, min_latency_str, avg_latency_str, max_latency_str, min_inj_str, avg_inj_str, max_inj_str, num_0_hops, num_1_hops, num_2_hops, num_3_hops, num_4_hops, num_5_hops, 
0.1, 8, 14.8231, 33, 0.015, 0.025017, 0.0363333, 0, 1325, 44559, 1337167, 6439, 0, 
0.2, 8, 15.9782, 47, 0.0336667, 0.0500052, 0.0663333, 0, 2471, 88820, 2673150, 13140, 0, 
0.30000000000000004, 8, 17.4628, 54, 0.0566667, 0.0750386, 0.096, 0, 3802, 133926, 4010937, 19758, 5, 
0.4, 8, 19.4254, 70, 0.0763333, 0.100074, 0.123333, 0, 5156, 178554, 5348496, 27556, 47, 
0.5, 8, 22.1434, 108, 0.102333, 0.125051, 0.148667, 0, 6292, 221963, 6675880, 44083, 377, 
0.6, 8, 26.0949, 132, 0.125333, 0.15008, 0.175667, 0, 7522, 266015, 7963518, 102272, 2028, 
0.7000000000000001, 8, 32.2825, 401, 0.152, 0.175032, 0.202333, 0, 8593, 304331, 9099479, 310828, 8956, 
0.8, 8, 45.1221, 2358, 0.172333, 0.200025, 0.231667, 0, 9130, 322690, 9598751, 1156615, 44090, 
0.81, 8, 47.8238, 2163, 0.176333, 0.20254, 0.233333, 0, 9300, 319727, 9486073, 1403069, 54359, 
0.8200000000000001, 8, 54.7304, 2434, 0.179333, 0.205032, 0.235, 0, 9084, 299867, 8869257, 2148739, 85871, 
0.8300000000000001, -, -, -, -, -, -, -, -, -, -, -, -, 
