input_inj_rate, min_latency_str, avg_latency_str, max_latency_str, min_inj_str, avg_inj_str, max_inj_str, num_0_hops, num_1_hops, num_2_hops, num_3_hops, num_4_hops, num_5_hops, 
0.0, 8, 24.7122, 34, 0, 0.00249956, 0.00633333, 0, 93, 648, 96, 635, 1716, 
0.1, 8, 27.1201, 70, 0.0156667, 0.025127, 0.0356667, 0, 897, 6919, 873, 6468, 17075, 
0.2, 8, 81.2064, 5943, 0.029, 0.0497821, 0.0608, 0, 2952, 25140, 3585, 23788, 55691, 
0.30000000000000004, 8, 202.645, 14484, 0.0248, 0.07429, 0.089, 0, 4560, 44466, 10704, 64538, 82890, 
0.21000000000000002, 8, 93.0264, 6466, 0.0268, 0.0522126, 0.065, 0, 3201, 27170, 3795, 25856, 58866, 
0.22000000000000003, 8, 103.287, 7721, 0.0278, 0.0546858, 0.0686, 0, 3387, 28944, 4218, 28416, 61150, 
0.23, 8, 110.62, 7966, 0.0278, 0.0571479, 0.0692, 0, 3420, 30381, 4755, 30829, 64276, 
0.24000000000000002, 8, 126.207, 9304, 0.026, 0.0595919, 0.0728, 0, 3641, 32788, 5157, 33703, 67012, 
0.25, 8, 133.417, 9980, 0.0268, 0.0620602, 0.075, 0, 3790, 34223, 5869, 37355, 69771, 
0.26, 8, 147.088, 11212, 0.0266, 0.0645255, 0.0784, 0, 3929, 36495, 6785, 41798, 72525, 
0.27, 8, 159.368, 11553, 0.027, 0.0669584, 0.08, 0, 4044, 38256, 7261, 46201, 75094, 
0.28, 8, 173.663, 12630, 0.0248, 0.0694116, 0.0856, 0, 4222, 40255, 8327, 51607, 77940, 
0.29000000000000004, 8, 187.655, 13915, 0.0262, 0.0718547, 0.09, 0, 4310, 42415, 9451, 58365, 80296, 
0.30000000000000004, 8, 202.645, 14484, 0.0248, 0.07429, 0.089, 0, 4560, 44466, 10704, 64538, 82890, 
0.31000000000000005, 8, 214.27, 16163, 0.024, 0.0767338, 0.0928, 0, 4717, 45971, 12214, 72827, 85364, 
0.32, 8, 225.836, 16412, 0.024, 0.0791902, 0.095, 0, 4782, 47920, 13861, 81725, 87158, 
0.33, 8, 240.447, 17244, 0.0232, 0.0816498, 0.0968, 0, 4894, 49810, 15308, 91723, 89590, 
0.34, 8, 259.581, 19224, 0.0234, 0.0840911, 0.0994, 0, 5123, 52111, 17690, 102861, 91571, 
0.35000000000000003, 8, 275.675, 20671, 0.0226, 0.0865261, 0.1026, 0, 5294, 54334, 19632, 115036, 93504, 
0.36, -, -, -, -, -, -, -, -, -, -, -, -, 
