input_inj_rate, min_latency_str, avg_latency_str, max_latency_str, min_inj_str, avg_inj_str, max_inj_str, num_0_hops, num_1_hops, num_2_hops, num_3_hops, num_4_hops, num_5_hops, 
0.0, 11, 16.8353, 39, 0, 0.00249635, 0.007, 0, 0, 12105, 290, 60849, 0, 
0.01, 11, 16.8353, 39, 0, 0.00249635, 0.007, 0, 0, 12105, 290, 60849, 0, 
0.02, 11, 18.9496, 80, 0.00133333, 0.0049892, 0.0113333, 0, 0, 24071, 630, 121683, 0, 
0.03, 11, 33.4238, 371, 0.00233333, 0.00749332, 0.014, 0, 0, 36203, 891, 182762, 0, 
0.04, -, -, -, -, -, -, -, -, -, -, -, -, 
