input_inj_rate, min_latency_str, avg_latency_str, max_latency_str, min_inj_str, avg_inj_str, max_inj_str, num_0_hops, num_1_hops, num_2_hops, num_3_hops, num_4_hops, num_5_hops, 
0.009999999999999995, 8, 11.4098, 26, 0.00025, 0.00248914, 0.00575, 0, 164, 158026, 0, 0, 0, 
0.019999999999999997, 8, 12.0329, 37, 0.0015, 0.00498099, 0.01, 0, 323, 316232, 0, 0, 0, 
0.029999999999999995, 8, 13.0209, 50, 0.0025, 0.00748877, 0.01325, 0, 468, 475462, 0, 0, 0, 
0.039999999999999994, 8, 14.8731, 66, 0.0045, 0.00997519, 0.01775, 0, 653, 633302, 0, 0, 0, 
0.049999999999999996, 8, 19.43, 175, 0.00575, 0.0124798, 0.02025, 0, 818, 792308, 0, 0, 0, 
0.06, 8, 56.7111, 922, 0.00775, 0.0149759, 0.0235, 0, 994, 950774, 0, 0, 0, 
0.06999999999999999, -, -, -, -, -, -, -, -, -, -, -, -, 
