input_inj_rate, min_latency_str, avg_latency_str, max_latency_str, min_inj_str, avg_inj_str, max_inj_str, num_0_hops, num_1_hops, num_2_hops, num_3_hops, num_4_hops, num_5_hops, 
0.1, 8, 17.8006, 46, 0.015, 0.0249986, 0.0366667, 0, 2036, 62357, 1678695, 76448, 1072169, 
0.2, 8, 22.6319, 79, 0.0346667, 0.0499835, 0.0673333, 0, 4352, 112812, 2416963, 263415, 2984619, 
0.30000000000000004, 8, 29.2581, 116, 0.056, 0.0749816, 0.0963333, 0, 6242, 204455, 3913322, 461754, 4089064, 
0.4, 8, 55.4661, 252, 0.076, 0.0999826, 0.121, 0, 8420, 314968, 6370610, 685060, 4189579, 
0.41000000000000003, 8, 65.5091, 321, 0.0793333, 0.102487, 0.125667, 0, 8662, 326245, 6764556, 701922, 4057266, 
0.42000000000000004, 8, 80.2844, 363, 0.082, 0.104991, 0.128, 0, 8806, 338888, 7207226, 714631, 3878857, 
0.43000000000000005, 8, 102.025, 471, 0.0863333, 0.107492, 0.132333, 0, 9103, 350326, 7689729, 730311, 3658577, 
0.44000000000000006, 8, 118.608, 751, 0.0876667, 0.109994, 0.134, 0, 9312, 368180, 8250168, 754241, 3345803, 
0.45, 8, 117.452, 866, 0.0893333, 0.112491, 0.138667, 0, 9545, 391881, 8854980, 778131, 2982335, 
0.46, 8, 120.276, 1103, 0.092, 0.114996, 0.14, 0, 9610, 406871, 9452576, 787952, 2649954, 
0.47000000000000003, 8, 159.929, 1666, 0.0933333, 0.11749, 0.141, 0, 10045, 421751, 10473438, 759368, 1931369, 
0.48000000000000004, -, -, -, -, -, -, -, -, -, -, -, -, 
