input_inj_rate, min_latency_str, avg_latency_str, max_latency_str, min_inj_str, avg_inj_str, max_inj_str, num_0_hops, num_1_hops, num_2_hops, num_3_hops, num_4_hops, num_5_hops, 
0.0, 11, 14.3437, 29, 0, 0.00250201, 0.007, 0, 0, 6220, 136726, 0, 0, 
0.01, 11, 14.3437, 29, 0, 0.00250201, 0.007, 0, 0, 6220, 136726, 0, 0, 
0.02, 11, 15.114, 40, 0.001, 0.00498708, 0.0106667, 0, 0, 12215, 272709, 0, 0, 
0.03, 11, 16.4474, 55, 0.00233333, 0.00750319, 0.0143333, 0, 0, 18743, 409939, 0, 0, 
0.04, 11, 19.378, 88, 0.003, 0.00998994, 0.0183333, 0, 0, 24647, 546109, 0, 0, 
0.05, 11, 32.528, 232, 0.005, 0.0124977, 0.021, 0, 0, 31245, 682792, 0, 0, 
0.060000000000000005, -, -, -, -, -, -, -, -, -, -, -, -, 
