input_inj_rate, min_latency_str, avg_latency_str, max_latency_str, min_inj_str, avg_inj_str, max_inj_str, num_0_hops, num_1_hops, num_2_hops, num_3_hops, num_4_hops, num_5_hops, 
0.1, 8, 15.0169, 35, 0.0115, 0.0249829, 0.0395, 0, 1318, 51177, 1547786, 0, 0, 
0.2, 8, 16.5732, 53, 0.0325, 0.0499722, 0.0745, 0, 2573, 102925, 3095730, 86, 1, 
0.30000000000000004, 8, 18.8689, 72, 0.052, 0.0749621, 0.1005, 0, 3642, 153255, 4641275, 4568, 96, 
0.4, 8, 22.4782, 88, 0.0755, 0.0999739, 0.128, 0, 5004, 202966, 6134015, 63186, 1325, 
0.5, 8, 28.4465, 117, 0.094, 0.124966, 0.1545, 0, 6161, 246386, 7326451, 422481, 8633, 
0.6, 8, 38.6843, 176, 0.1205, 0.150003, 0.1815, 0, 7424, 267133, 7637066, 1673032, 33792, 
0.6100000000000001, 8, 40.6245, 191, 0.122, 0.152494, 0.185, 0, 7571, 265328, 7533507, 1933532, 38777, 
0.6200000000000001, 8, 43.4404, 237, 0.122, 0.154981, 0.187, 0, 7682, 259506, 7323647, 2301238, 46708, 
0.6300000000000001, 8, 49.1466, 252, 0.1265, 0.15748, 0.1915, 0, 7779, 242658, 6793700, 2994003, 61554, 
0.6400000000000001, 8, 379.034, 2718, 0.09, 0.146496, 0.1835, 0, 8103, 21044, 476692, 9549760, 209672, 
0.6500000000000001, -, -, -, -, -, -, -, -, -, -, -, -, 
